{"cameraMode":{"drawMode":0,"name":"Shaded","section":"Shading Mode"},"sceneLighting":false,"audioPlay":false,"sceneViewState":{"showFog":true,"showMaterialUpdate":false,"showSkybox":false,"showFlares":true,"showImageEffects":true,"showParticleSystems":true,"showVisualEffectGraphs":true,"m_FxEnabled":true},"in2DMode":false,"pivot":{"x":752.3700561523438,"y":353.9726257324219,"z":60.07633972167969},"rotation":{"x":0.00331513793207705,"y":-0.04949956014752388,"z":0.00008430800517089665,"w":0.9988486766815186},"size":64.59376525878906,"orthographic":true}