{"cameraMode":{"drawMode":0,"name":"Shaded","section":"Shading Mode"},"sceneLighting":false,"audioPlay":false,"sceneViewState":{"showFog":true,"showMaterialUpdate":false,"showSkybox":false,"showFlares":true,"showImageEffects":true,"showParticleSystems":true,"showVisualEffectGraphs":true,"m_FxEnabled":true},"in2DMode":false,"pivot":{"x":669.1165161132813,"y":427.4935607910156,"z":-39.84833526611328},"rotation":{"x":0.00331513793207705,"y":-0.04949956014752388,"z":0.00008430800517089665,"w":0.9988486766815186},"size":24.653409957885743,"orthographic":true}