{"cameraMode":{"drawMode":0,"name":"Shaded","section":"Shading Mode"},"sceneLighting":true,"audioPlay":false,"sceneViewState":{"showFog":true,"showMaterialUpdate":false,"showSkybox":true,"showFlares":true,"showImageEffects":true,"showParticleSystems":true,"showVisualEffectGraphs":true,"m_FxEnabled":true},"in2DMode":false,"pivot":{"x":0.8046854138374329,"y":-3.1826534271240236,"z":3.509697914123535},"rotation":{"x":-0.19850030541419984,"y":-0.009344128891825676,"z":0.002091300906613469,"w":-0.9801711440086365},"size":5.101965427398682,"orthographic":true}