{"cameraMode":{"drawMode":0,"name":"Shaded","section":"Shading Mode"},"sceneLighting":true,"audioPlay":false,"sceneViewState":{"showFog":true,"showMaterialUpdate":false,"showSkybox":true,"showFlares":true,"showImageEffects":true,"showParticleSystems":true,"showVisualEffectGraphs":true,"m_FxEnabled":true},"in2DMode":false,"pivot":{"x":0.772087812423706,"y":-1.5820412635803223,"z":-0.9026432037353516},"rotation":{"x":-0.2234290987253189,"y":0.005285446997731924,"z":-0.0012118821032345296,"w":-0.9747942090034485},"size":7.12158727645874,"orthographic":true}