{"cameraMode":{"drawMode":0,"name":"Shaded","section":"Shading Mode"},"sceneLighting":true,"audioPlay":false,"sceneViewState":{"showFog":true,"showMaterialUpdate":false,"showSkybox":true,"showFlares":true,"showImageEffects":true,"showParticleSystems":true,"showVisualEffectGraphs":true,"m_FxEnabled":true},"in2DMode":false,"pivot":{"x":381.19232177734377,"y":334.2246398925781,"z":101.3457260131836},"rotation":{"x":0.0047929915599524979,"y":-0.11377584934234619,"z":0.00047231101780198514,"w":0.9935702085494995},"size":258.50396728515627,"orthographic":true}