{"cameraMode":{"drawMode":0,"name":"Shaded","section":"Shading Mode"},"sceneLighting":true,"audioPlay":false,"sceneViewState":{"showFog":true,"showMaterialUpdate":false,"showSkybox":true,"showFlares":true,"showImageEffects":true,"showParticleSystems":true,"showVisualEffectGraphs":true,"m_FxEnabled":true},"in2DMode":false,"pivot":{"x":-0.9142084121704102,"y":1.36533522605896,"z":-1.2843570709228516},"rotation":{"x":0.4136655628681183,"y":0.12496312707662583,"z":-0.057501088827848437,"w":0.9000597596168518},"size":4.3874382972717289,"orthographic":true}