{"cameraMode":{"drawMode":0,"name":"Shaded","section":"Shading Mode"},"sceneLighting":true,"audioPlay":false,"sceneViewState":{"showFog":true,"showMaterialUpdate":false,"showSkybox":true,"showFlares":true,"showImageEffects":true,"showParticleSystems":true,"showVisualEffectGraphs":true,"m_FxEnabled":true},"in2DMode":false,"pivot":{"x":4.658017158508301,"y":2.2041382789611818,"z":-2.8049118518829347},"rotation":{"x":0.19254136085510255,"y":-0.025022877380251886,"z":0.004922308027744293,"w":0.9809705018997192},"size":7.031851768493652,"orthographic":true}