{"cameraMode":{"drawMode":0,"name":"Shaded","section":"Shading Mode"},"sceneLighting":true,"audioPlay":false,"sceneViewState":{"showFog":true,"showMaterialUpdate":false,"showSkybox":true,"showFlares":true,"showImageEffects":true,"showParticleSystems":true,"showVisualEffectGraphs":true,"m_FxEnabled":true},"in2DMode":false,"pivot":{"x":3.873666524887085,"y":-0.7575713396072388,"z":0.07503700256347656},"rotation":{"x":0.13766878843307496,"y":0.05491962283849716,"z":-0.007723032031208277,"w":0.9889968037605286},"size":3.1328179836273195,"orthographic":true}