{"cameraMode":{"drawMode":0,"name":"Shaded","section":"Shading Mode"},"sceneLighting":true,"audioPlay":false,"sceneViewState":{"showFog":true,"showMaterialUpdate":false,"showSkybox":true,"showFlares":true,"showImageEffects":true,"showParticleSystems":true,"showVisualEffectGraphs":true,"m_FxEnabled":true},"in2DMode":false,"pivot":{"x":0.6991622447967529,"y":-1.9142191410064698,"z":2.617241859436035},"rotation":{"x":0.24093064665794373,"y":-0.007324648089706898,"z":0.0016898553585633636,"w":0.9705755710601807},"size":2.4951210021972658,"orthographic":true}