{"cameraMode":{"drawMode":0,"name":"Shaded","section":"Shading Mode"},"sceneLighting":true,"audioPlay":false,"sceneViewState":{"showFog":true,"showMaterialUpdate":false,"showSkybox":true,"showFlares":true,"showImageEffects":true,"showParticleSystems":true,"showVisualEffectGraphs":true,"m_FxEnabled":true},"in2DMode":false,"pivot":{"x":-7.719244480133057,"y":1.253612995147705,"z":-3.0514347553253176},"rotation":{"x":0.13781462609767915,"y":0.0326656699180603,"z":-0.004588108975440264,"w":0.9900212287902832},"size":15.580796241760254,"orthographic":true}