{"cameraMode":{"drawMode":0,"name":"Shaded","section":"Shading Mode"},"sceneLighting":true,"audioPlay":false,"sceneViewState":{"showFog":true,"showMaterialUpdate":false,"showSkybox":true,"showFlares":true,"showImageEffects":true,"showParticleSystems":true,"showVisualEffectGraphs":true,"m_FxEnabled":true},"in2DMode":false,"pivot":{"x":2.186929225921631,"y":-0.24578857421875,"z":-2.3251118659973146},"rotation":{"x":0.1512097716331482,"y":0.020734433084726335,"z":-0.0032300734892487528,"w":0.9883501529693604},"size":5.194067478179932,"orthographic":true}