{"cameraMode":{"drawMode":0,"name":"Shaded","section":"Shading Mode"},"sceneLighting":true,"audioPlay":false,"sceneViewState":{"showFog":true,"showMaterialUpdate":false,"showSkybox":true,"showFlares":true,"showImageEffects":true,"showParticleSystems":true,"showVisualEffectGraphs":true,"m_FxEnabled":true},"in2DMode":false,"pivot":{"x":0.2265629768371582,"y":0.2862502336502075,"z":0.22923660278320313},"rotation":{"x":0.19000668823719026,"y":-0.10729647427797318,"z":0.020851321518421174,"w":0.9757635593414307},"size":4.863397598266602,"orthographic":true}