{"cameraMode":{"drawMode":0,"name":"Shaded","section":"Shading Mode"},"sceneLighting":true,"audioPlay":false,"sceneViewState":{"showFog":true,"showMaterialUpdate":false,"showSkybox":true,"showFlares":true,"showImageEffects":true,"showParticleSystems":true,"showVisualEffectGraphs":true,"m_FxEnabled":true},"in2DMode":false,"pivot":{"x":0.772087812423706,"y":-1.5820412635803223,"z":-0.9026432037353516},"rotation":{"x":-0.4094461500644684,"y":0.0049471743404865269,"z":-0.0022204280830919744,"w":-0.9124135971069336},"size":2.169886350631714,"orthographic":true}