{"cameraMode":{"drawMode":0,"name":"Shaded","section":"Shading Mode"},"sceneLighting":true,"audioPlay":false,"sceneViewState":{"showFog":true,"showMaterialUpdate":false,"showSkybox":true,"showFlares":true,"showImageEffects":true,"showParticleSystems":true,"showVisualEffectGraphs":true,"m_FxEnabled":true},"in2DMode":false,"pivot":{"x":-0.4295445680618286,"y":-1.5723003149032593,"z":1.3880541324615479},"rotation":{"x":0.21166911721229554,"y":0.02049715630710125,"z":-0.004496108274906874,"w":0.9771878123283386},"size":4.672618389129639,"orthographic":true}