{"cameraMode":{"drawMode":0,"name":"Shaded","section":"Shading Mode"},"sceneLighting":true,"audioPlay":false,"sceneViewState":{"showFog":true,"showMaterialUpdate":false,"showSkybox":true,"showFlares":true,"showImageEffects":true,"showParticleSystems":true,"showVisualEffectGraphs":true,"m_FxEnabled":true},"in2DMode":false,"pivot":{"x":0.7483896017074585,"y":-2.4712889194488527,"z":7.585927963256836},"rotation":{"x":-0.19988662004470826,"y":0.030319109559059144,"z":-0.0060738916508853439,"w":-0.979429304599762},"size":7.80137300491333,"orthographic":true}