{"cameraMode":{"drawMode":0,"name":"Shaded","section":"Shading Mode"},"sceneLighting":true,"audioPlay":false,"sceneViewState":{"showFog":true,"showMaterialUpdate":false,"showSkybox":true,"showFlares":true,"showImageEffects":true,"showParticleSystems":true,"showVisualEffectGraphs":true,"m_FxEnabled":true},"in2DMode":false,"pivot":{"x":-0.4096965193748474,"y":3.6657776832580568,"z":-6.785046100616455},"rotation":{"x":0.21023906767368318,"y":-0.005862588528543711,"z":0.0013207605807110668,"w":0.9776848554611206},"size":3.4345571994781496,"orthographic":true}