{"cameraMode":{"drawMode":0,"name":"Shaded","section":"Shading Mode"},"sceneLighting":true,"audioPlay":false,"sceneViewState":{"showFog":true,"showMaterialUpdate":false,"showSkybox":true,"showFlares":true,"showImageEffects":true,"showParticleSystems":true,"showVisualEffectGraphs":true,"m_FxEnabled":true},"in2DMode":false,"pivot":{"x":-0.7239104509353638,"y":1.4680160284042359,"z":0.9393460750579834},"rotation":{"x":0.30293068289756777,"y":0.0171604435890913,"z":-0.0054148840717971329,"w":0.9528573155403137},"size":4.223843097686768,"orthographic":true}