{"cameraMode":{"drawMode":0,"name":"Shaded","section":"Shading Mode"},"sceneLighting":true,"audioPlay":false,"sceneViewState":{"showFog":true,"showMaterialUpdate":false,"showSkybox":true,"showFlares":true,"showImageEffects":true,"showParticleSystems":true,"showVisualEffectGraphs":true,"m_FxEnabled":true},"in2DMode":false,"pivot":{"x":85.3035888671875,"y":36.2043342590332,"z":4.1703033447265629},"rotation":{"x":0.0017658021533861757,"y":0.2478870153427124,"z":-0.00041174746002070606,"w":0.9688006043434143},"size":52.168399810791019,"orthographic":true}