{"cameraMode":{"drawMode":0,"name":"Shaded","section":"Shading Mode"},"sceneLighting":true,"audioPlay":false,"sceneViewState":{"showFog":true,"showMaterialUpdate":false,"showSkybox":true,"showFlares":true,"showImageEffects":true,"showParticleSystems":true,"showVisualEffectGraphs":true,"m_FxEnabled":true},"in2DMode":false,"pivot":{"x":-1.0640945434570313,"y":1.4787333011627198,"z":0.6053619384765625},"rotation":{"x":0.09019254148006439,"y":-0.013475153595209122,"z":0.0010602758266031743,"w":0.9958968758583069},"size":4.993258476257324,"orthographic":true}