{"cameraMode":{"drawMode":0,"name":"Shaded","section":"Shading Mode"},"sceneLighting":true,"audioPlay":false,"sceneViewState":{"showFog":true,"showMaterialUpdate":false,"showSkybox":true,"showFlares":true,"showImageEffects":true,"showParticleSystems":true,"showVisualEffectGraphs":true,"m_FxEnabled":true},"in2DMode":false,"pivot":{"x":-2.5661721229553224,"y":1.30413818359375,"z":-1.7395706176757813},"rotation":{"x":0.03582804650068283,"y":-0.31815290451049807,"z":0.01206460501998663,"w":0.9473261833190918},"size":1.6869616508483887,"orthographic":true}