{"cameraMode":{"drawMode":0,"name":"Shaded","section":"Shading Mode"},"sceneLighting":true,"audioPlay":false,"sceneViewState":{"showFog":true,"showMaterialUpdate":false,"showSkybox":true,"showFlares":true,"showImageEffects":true,"showParticleSystems":true,"showVisualEffectGraphs":true,"m_FxEnabled":true},"in2DMode":false,"pivot":{"x":1.1342228651046754,"y":4.180039882659912,"z":-4.674266815185547},"rotation":{"x":0.14054685831069947,"y":0.06529901921749115,"z":-0.009214620105922223,"w":0.9879233241081238},"size":2.674351692199707,"orthographic":true}