{"cameraMode":{"drawMode":0,"name":"Shaded","section":"Shading Mode"},"sceneLighting":true,"audioPlay":false,"sceneViewState":{"showFog":true,"showMaterialUpdate":false,"showSkybox":true,"showFlares":true,"showImageEffects":true,"showParticleSystems":true,"showVisualEffectGraphs":true,"m_FxEnabled":true},"in2DMode":false,"pivot":{"x":2.7138454914093019,"y":0.557209849357605,"z":-0.07395410537719727},"rotation":{"x":0.16303075850009919,"y":0.025157934054732324,"z":-0.004121244885027409,"w":0.9863021373748779},"size":3.981232166290283,"orthographic":true}