{"cameraMode":{"drawMode":0,"name":"Shaded","section":"Shading Mode"},"sceneLighting":true,"audioPlay":false,"sceneViewState":{"showFog":true,"showMaterialUpdate":false,"showSkybox":true,"showFlares":true,"showImageEffects":true,"showParticleSystems":true,"showVisualEffectGraphs":true,"m_FxEnabled":true},"in2DMode":false,"pivot":{"x":-0.0021185874938964845,"y":-1.6635841131210328,"z":-1.1635993719100953},"rotation":{"x":0.12273760139942169,"y":0.16589881479740144,"z":-0.02088184468448162,"w":0.978325605392456},"size":2.357459545135498,"orthographic":true}