{"cameraMode":{"drawMode":0,"name":"Shaded","section":"Shading Mode"},"sceneLighting":true,"audioPlay":false,"sceneViewState":{"showFog":true,"showMaterialUpdate":false,"showSkybox":true,"showFlares":true,"showImageEffects":true,"showParticleSystems":true,"showVisualEffectGraphs":true,"m_FxEnabled":true},"in2DMode":false,"pivot":{"x":-0.27283573150634768,"y":-0.23666000366210938,"z":-0.2878847122192383},"rotation":{"x":0.22193476557731629,"y":-0.017581503838300706,"z":0.0039275772869586948,"w":0.9749804139137268},"size":1.1211062669754029,"orthographic":true}