{"cameraMode":{"drawMode":0,"name":"Shaded","section":"Shading Mode"},"sceneLighting":true,"audioPlay":false,"sceneViewState":{"showFog":true,"showMaterialUpdate":false,"showSkybox":true,"showFlares":true,"showImageEffects":true,"showParticleSystems":true,"showVisualEffectGraphs":true,"m_FxEnabled":true},"in2DMode":false,"pivot":{"x":-0.1365971565246582,"y":2.416898250579834,"z":-2.070166826248169},"rotation":{"x":0.30418330430984499,"y":-0.03714064881205559,"z":0.011900612153112889,"w":0.9518567323684692},"size":2.980181932449341,"orthographic":true}