{"cameraMode":{"drawMode":0,"name":"Shaded","section":"Shading Mode"},"sceneLighting":true,"audioPlay":false,"sceneViewState":{"showFog":true,"showMaterialUpdate":false,"showSkybox":true,"showFlares":true,"showImageEffects":true,"showParticleSystems":true,"showVisualEffectGraphs":true,"m_FxEnabled":true},"in2DMode":false,"pivot":{"x":2.7138454914093019,"y":0.557209849357605,"z":-0.07395410537719727},"rotation":{"x":-0.08858416974544525,"y":0.049875546246767047,"z":-0.004478636663407087,"w":-0.9948253631591797},"size":3.981232166290283,"orthographic":true}