{"cameraMode":{"drawMode":0,"name":"Shaded","section":"Shading Mode"},"sceneLighting":true,"audioPlay":false,"sceneViewState":{"showFog":true,"showMaterialUpdate":false,"showSkybox":true,"showFlares":true,"showImageEffects":true,"showParticleSystems":true,"showVisualEffectGraphs":true,"m_FxEnabled":true},"in2DMode":false,"pivot":{"x":1.6161088943481446,"y":5.16464900970459,"z":-12.651430130004883},"rotation":{"x":0.22781451046466828,"y":-0.00002784539719868917,"z":-0.00005083512587589212,"w":0.9737768769264221},"size":3.2207744121551515,"orthographic":true}