{"cameraMode":{"drawMode":0,"name":"Shaded","section":"Shading Mode"},"sceneLighting":true,"audioPlay":false,"sceneViewState":{"showFog":true,"showMaterialUpdate":false,"showSkybox":true,"showFlares":true,"showImageEffects":true,"showParticleSystems":true,"showVisualEffectGraphs":true,"m_FxEnabled":true},"in2DMode":false,"pivot":{"x":-0.16335135698318482,"y":4.262874603271484,"z":-5.571549892425537},"rotation":{"x":0.14201365411281587,"y":0.06676523387432099,"z":-0.009535109624266625,"w":0.98760986328125},"size":3.5705034732818605,"orthographic":true}