{"cameraMode":{"drawMode":0,"name":"Shaded","section":"Shading Mode"},"sceneLighting":true,"audioPlay":false,"sceneViewState":{"showFog":true,"showMaterialUpdate":false,"showSkybox":true,"showFlares":true,"showImageEffects":true,"showParticleSystems":true,"showVisualEffectGraphs":true,"m_FxEnabled":true},"in2DMode":false,"pivot":{"x":-1.2055646181106568,"y":0.40857982635498049,"z":1.834367275238037},"rotation":{"x":0.07874689251184464,"y":0.15635009109973908,"z":-0.01247381791472435,"w":0.9844903349876404},"size":1.5958932638168336,"orthographic":true}