{"cameraMode":{"drawMode":0,"name":"Shaded","section":"Shading Mode"},"sceneLighting":true,"audioPlay":false,"sceneViewState":{"showFog":true,"showMaterialUpdate":false,"showSkybox":true,"showFlares":true,"showImageEffects":true,"showParticleSystems":true,"showVisualEffectGraphs":true,"m_FxEnabled":true},"in2DMode":false,"pivot":{"x":6.878824234008789,"y":-19.649433135986329,"z":-3.8148393630981447},"rotation":{"x":0.19817712903022767,"y":-0.13041982054710389,"z":0.026668140664696695,"w":0.9711254835128784},"size":22.332218170166017,"orthographic":true}