{"cameraMode":{"drawMode":0,"name":"Shaded","section":"Shading Mode"},"sceneLighting":true,"audioPlay":false,"sceneViewState":{"showFog":true,"showMaterialUpdate":false,"showSkybox":true,"showFlares":true,"showImageEffects":true,"showParticleSystems":true,"showVisualEffectGraphs":true,"m_FxEnabled":true},"in2DMode":false,"pivot":{"x":402.2408752441406,"y":235.35675048828126,"z":16.152069091796876},"rotation":{"x":-0.04530412703752518,"y":-0.005049319937825203,"z":0.0005580346332862973,"w":-0.99909508228302},"size":268.6084899902344,"orthographic":true}