{"cameraMode":{"drawMode":0,"name":"Shaded","section":"Shading Mode"},"sceneLighting":true,"audioPlay":false,"sceneViewState":{"showFog":true,"showMaterialUpdate":false,"showSkybox":true,"showFlares":true,"showImageEffects":true,"showParticleSystems":true,"showVisualEffectGraphs":true,"m_FxEnabled":true},"in2DMode":false,"pivot":{"x":-0.12427812814712525,"y":1.3300000429153443,"z":2.8719539642333986},"rotation":{"x":0.13293039798736573,"y":-0.2627590000629425,"z":0.036584094166755679,"w":0.9549728631973267},"size":2.571578025817871,"orthographic":true}