{"cameraMode":{"drawMode":0,"name":"Shaded","section":"Shading Mode"},"sceneLighting":true,"audioPlay":false,"sceneViewState":{"showFog":true,"showMaterialUpdate":false,"showSkybox":true,"showFlares":true,"showImageEffects":true,"showParticleSystems":true,"showVisualEffectGraphs":true,"m_FxEnabled":true},"in2DMode":false,"pivot":{"x":-5.123394012451172,"y":0.9998801946640015,"z":0.7413984537124634},"rotation":{"x":0.014855115674436093,"y":0.24495114386081696,"z":-0.003714000340551138,"w":0.9694267511367798},"size":3.960736036300659,"orthographic":true}