{"cameraMode":{"drawMode":0,"name":"Shaded","section":"Shading Mode"},"sceneLighting":true,"audioPlay":false,"sceneViewState":{"showFog":true,"showMaterialUpdate":false,"showSkybox":true,"showFlares":true,"showImageEffects":true,"showParticleSystems":true,"showVisualEffectGraphs":true,"m_FxEnabled":true},"in2DMode":false,"pivot":{"x":0.01755174994468689,"y":1.1782276630401612,"z":0.04548311233520508},"rotation":{"x":-0.10802453011274338,"y":0.036374401301145557,"z":-0.003956402186304331,"w":-0.9934787750244141},"size":2.0490000247955324,"orthographic":false}