{"cameraMode":{"drawMode":0,"name":"Shaded","section":"Shading Mode"},"sceneLighting":true,"audioPlay":false,"sceneViewState":{"showFog":true,"showMaterialUpdate":false,"showSkybox":true,"showFlares":true,"showImageEffects":true,"showParticleSystems":true,"showVisualEffectGraphs":true,"m_FxEnabled":true},"in2DMode":false,"pivot":{"x":359.3822937011719,"y":416.5278625488281,"z":50.419429779052737},"rotation":{"x":0.16303075850009919,"y":0.025157934054732324,"z":-0.004121244885027409,"w":0.9863021373748779},"size":255.11509704589845,"orthographic":true}