{"cameraMode":{"drawMode":0,"name":"Shaded","section":"Shading Mode"},"sceneLighting":true,"audioPlay":false,"sceneViewState":{"showFog":true,"showMaterialUpdate":false,"showSkybox":true,"showFlares":true,"showImageEffects":true,"showParticleSystems":true,"showVisualEffectGraphs":true,"m_FxEnabled":true},"in2DMode":false,"pivot":{"x":16.85642433166504,"y":1.0741382837295533,"z":1.2245875597000123},"rotation":{"x":0.29814743995666506,"y":-0.057220298796892169,"z":0.017949767410755159,"w":0.9526481032371521},"size":0.4330126941204071,"orthographic":true}