{"cameraMode":{"drawMode":0,"name":"Shaded","section":"Shading Mode"},"sceneLighting":true,"audioPlay":false,"sceneViewState":{"showFog":true,"showMaterialUpdate":false,"showSkybox":true,"showFlares":true,"showImageEffects":true,"showParticleSystems":true,"showVisualEffectGraphs":true,"m_FxEnabled":true},"in2DMode":false,"pivot":{"x":9.844139099121094,"y":1.0160642862319947,"z":1.6188348531723023},"rotation":{"x":0.013805815950036049,"y":-0.028497472405433656,"z":0.0004305511247366667,"w":0.9995089173316956},"size":4.847060680389404,"orthographic":true}