{"cameraMode":{"drawMode":0,"name":"Shaded","section":"Shading Mode"},"sceneLighting":true,"audioPlay":false,"sceneViewState":{"showFog":true,"showMaterialUpdate":false,"showSkybox":true,"showFlares":true,"showImageEffects":true,"showParticleSystems":true,"showVisualEffectGraphs":true,"m_FxEnabled":true},"in2DMode":false,"pivot":{"x":0.26686716079711916,"y":4.890340328216553,"z":-5.047573566436768},"rotation":{"x":0.2525593638420105,"y":0.0014587875921279193,"z":-0.0003137443563900888,"w":0.9676313400268555},"size":4.43794059753418,"orthographic":true}