{"cameraMode":{"drawMode":0,"name":"Shaded","section":"Shading Mode"},"sceneLighting":false,"audioPlay":false,"sceneViewState":{"showFog":true,"showMaterialUpdate":false,"showSkybox":false,"showFlares":true,"showImageEffects":true,"showParticleSystems":true,"showVisualEffectGraphs":true,"m_FxEnabled":true},"in2DMode":false,"pivot":{"x":0.46930819749832156,"y":2.0726358890533449,"z":-0.9407081604003906},"rotation":{"x":0.025810005143284799,"y":0.00449164304882288,"z":-0.000033769287256291136,"w":0.9997047781944275},"size":1.9854191541671754,"orthographic":true}