{"cameraMode":{"drawMode":0,"name":"Shaded","section":"Shading Mode"},"sceneLighting":false,"audioPlay":false,"sceneViewState":{"showFog":true,"showMaterialUpdate":false,"showSkybox":false,"showFlares":true,"showImageEffects":true,"showParticleSystems":true,"showVisualEffectGraphs":true,"m_FxEnabled":true},"in2DMode":false,"pivot":{"x":377.53314208984377,"y":261.4527893066406,"z":-0.7897262573242188},"rotation":{"x":0.06327614933252335,"y":-0.00750005804002285,"z":0.00044958206126466393,"w":0.9980490207672119},"size":133.3466033935547,"orthographic":true}