{"cameraMode":{"drawMode":0,"name":"Shaded","section":"Shading Mode"},"sceneLighting":false,"audioPlay":false,"sceneViewState":{"showFog":true,"showMaterialUpdate":false,"showSkybox":false,"showFlares":true,"showImageEffects":true,"showParticleSystems":true,"showVisualEffectGraphs":true,"m_FxEnabled":true},"in2DMode":false,"pivot":{"x":378.86505126953127,"y":223.5283660888672,"z":-5.764213562011719},"rotation":{"x":0.06327614933252335,"y":-0.00750005804002285,"z":0.00044958206126466393,"w":0.9980490207672119},"size":107.14598083496094,"orthographic":true}