{"cameraMode":{"drawMode":0,"name":"Shaded","section":"Shading Mode"},"sceneLighting":false,"audioPlay":false,"sceneViewState":{"showFog":true,"showMaterialUpdate":false,"showSkybox":false,"showFlares":true,"showImageEffects":true,"showParticleSystems":true,"showVisualEffectGraphs":true,"m_FxEnabled":true},"in2DMode":false,"pivot":{"x":0.7634117603302002,"y":0.26040634512901308,"z":-1.6785707473754883},"rotation":{"x":0.09120917320251465,"y":-0.2031811624765396,"z":0.019066765904426576,"w":0.9747374653816223},"size":1.295593023300171,"orthographic":true}