{"cameraMode":{"drawMode":0,"name":"Shaded","section":"Shading Mode"},"sceneLighting":false,"audioPlay":false,"sceneViewState":{"showFog":true,"showMaterialUpdate":false,"showSkybox":false,"showFlares":true,"showImageEffects":true,"showParticleSystems":true,"showVisualEffectGraphs":true,"m_FxEnabled":true},"in2DMode":false,"pivot":{"x":0.2625044286251068,"y":0.04104740917682648,"z":0.0232694149017334},"rotation":{"x":0.26702818274497988,"y":-0.005786947440356016,"z":0.0016044039512053133,"w":0.9636766910552979},"size":0.3096987307071686,"orthographic":true}