{"cameraMode":{"drawMode":0,"name":"Shaded","section":"Shading Mode"},"sceneLighting":false,"audioPlay":false,"sceneViewState":{"showFog":true,"showMaterialUpdate":false,"showSkybox":false,"showFlares":true,"showImageEffects":true,"showParticleSystems":true,"showVisualEffectGraphs":true,"m_FxEnabled":true},"in2DMode":false,"pivot":{"x":0.31942227482795718,"y":0.9732666611671448,"z":0.08948738127946854},"rotation":{"x":-0.11399392038583756,"y":-0.3882564604282379,"z":-0.04847308620810509,"w":0.9132061004638672},"size":1.041517972946167,"orthographic":true}