{"cameraMode":{"drawMode":0,"name":"Shaded","section":"Shading Mode"},"sceneLighting":false,"audioPlay":false,"sceneViewState":{"showFog":true,"showMaterialUpdate":false,"showSkybox":false,"showFlares":true,"showImageEffects":true,"showParticleSystems":true,"showVisualEffectGraphs":true,"m_FxEnabled":true},"in2DMode":false,"pivot":{"x":2.0104665756225588,"y":2.3478846549987795,"z":-7.468313694000244},"rotation":{"x":0.21023906767368318,"y":-0.005862588528543711,"z":0.0013207605807110668,"w":0.9776848554611206},"size":1.1540290117263795,"orthographic":true}