{"cameraMode":{"drawMode":0,"name":"Shaded","section":"Shading Mode"},"sceneLighting":false,"audioPlay":false,"sceneViewState":{"showFog":true,"showMaterialUpdate":false,"showSkybox":false,"showFlares":true,"showImageEffects":true,"showParticleSystems":true,"showVisualEffectGraphs":true,"m_FxEnabled":true},"in2DMode":false,"pivot":{"x":2.5372140407562258,"y":-0.5988811254501343,"z":-9.081686973571778},"rotation":{"x":0.12137090414762497,"y":-0.04762415960431099,"z":0.005935758352279663,"w":0.9914959073066711},"size":2.6294491291046144,"orthographic":true}