{"cameraMode":{"drawMode":0,"name":"Shaded","section":"Shading Mode"},"sceneLighting":false,"audioPlay":false,"sceneViewState":{"showFog":true,"showMaterialUpdate":false,"showSkybox":false,"showFlares":true,"showImageEffects":true,"showParticleSystems":true,"showVisualEffectGraphs":true,"m_FxEnabled":true},"in2DMode":false,"pivot":{"x":2.5372140407562258,"y":-0.5988811254501343,"z":-9.081686973571778},"rotation":{"x":0.03328831121325493,"y":-0.029985349625349046,"z":0.0011026880238205195,"w":0.9990434050559998},"size":2.3041775226593019,"orthographic":true}