{"cameraMode":{"drawMode":0,"name":"Shaded","section":"Shading Mode"},"sceneLighting":false,"audioPlay":false,"sceneViewState":{"showFog":true,"showMaterialUpdate":false,"showSkybox":false,"showFlares":true,"showImageEffects":true,"showParticleSystems":true,"showVisualEffectGraphs":true,"m_FxEnabled":true},"in2DMode":false,"pivot":{"x":0.11517997086048126,"y":0.08100653439760208,"z":0.001730794203467667},"rotation":{"x":0.218051478266716,"y":0.09207233041524887,"z":-0.020631758496165277,"w":0.9713777899742127},"size":1.3231345415115357,"orthographic":true}