{"cameraMode":{"drawMode":0,"name":"Shaded","section":"Shading Mode"},"sceneLighting":false,"audioPlay":false,"sceneViewState":{"showFog":true,"showMaterialUpdate":false,"showSkybox":false,"showFlares":true,"showImageEffects":true,"showParticleSystems":true,"showVisualEffectGraphs":true,"m_FxEnabled":true},"in2DMode":false,"pivot":{"x":0.11517997086048126,"y":0.08100653439760208,"z":0.001730794203467667},"rotation":{"x":0.16533255577087403,"y":0.15901562571525575,"z":-0.026988843455910684,"w":0.9729718565940857},"size":1.1296926736831666,"orthographic":true}